"assay","curve_id","study_id","study_short","virus_type","food_matrix","food_category","temperature","detection_method","pretreatment","pcr_pretreat","matrix_group","n_obs","n_nonzero_tp","n_censored","has_censoring","classification","reason"
"infectivity","curve_2","10.1007/s12560-013-9112-6","10.1007/s12560-013-9112-6","MNV-1","0.3% fat milk","dairy",60,"TCID50","none","not_applicable","other_food",6,5,0,FALSE,"approximately log-linear","No clear biphasic transition; slope CV 132%, range 1.410 log10/min"
"infectivity","curve_3","10.1007/s12560-013-9112-6","10.1007/s12560-013-9112-6","MNV-1","1.5% fat milk","dairy",60,"TCID50","none","not_applicable","other_food",6,5,0,FALSE,"approximately log-linear","No clear biphasic transition; slope CV 205%, range 1.640 log10/min"
"infectivity","curve_4","10.1007/s12560-013-9112-6","10.1007/s12560-013-9112-6","MNV-1","3% fat milk","dairy",60,"TCID50","none","not_applicable","other_food",6,5,0,FALSE,"approximately log-linear","No clear biphasic transition; slope CV 56%, range 0.620 log10/min"
"infectivity","curve_5","10.1007/s12560-013-9112-6","10.1007/s12560-013-9112-6","MNV-1","PBS","simple matrix",60,"TCID50","none","not_applicable","simple_matrix",6,5,0,FALSE,"approximately log-linear","No clear biphasic transition; slope CV 39%, range 0.900 log10/min"
"infectivity","curve_6","10.1007/s12560-013-9112-6","10.1007/s12560-013-9112-6","MS2","0.3% fat milk","dairy",60,"PFU","none","not_applicable","other_food",5,4,0,FALSE,"approximately log-linear","Slope CV 3%, range 0.001 log10/min; consistent rate across time points"
"infectivity","curve_7","10.1007/s12560-013-9112-6","10.1007/s12560-013-9112-6","MS2","1.5% fat milk","dairy",60,"PFU","none","not_applicable","other_food",5,4,0,FALSE,"approximately log-linear","Slope CV 23%, range 0.009 log10/min; consistent rate across time points"
"infectivity","curve_9","10.1007/s12560-013-9112-6","10.1007/s12560-013-9112-6","MS2","SM buffer","simple matrix",60,"PFU","none","not_applicable","simple_matrix",5,4,0,FALSE,"approximately log-linear","Slope CV 22%, range 0.011 log10/min; consistent rate across time points"
"infectivity","curve_15","10.1016/j.fm.2010.05.018","10.1016/j.fm.2010.05.018","HAV","bilberry","produce",65,"PFU","none","not_applicable","other_food",7,6,0,FALSE,"approximately log-linear","No clear biphasic transition; slope CV 87%, range 1.270 log10/min"
"infectivity","curve_18","10.1016/j.fm.2010.05.018","10.1016/j.fm.2010.05.018","HAV","raspberry","produce",65,"PFU","none","not_applicable","other_food",7,6,0,FALSE,"approximately log-linear","No clear biphasic transition; slope CV 102%, range 1.100 log10/min"
"infectivity","curve_21","10.1016/j.fm.2010.05.018","10.1016/j.fm.2010.05.018","HAV","strawberry","produce",65,"PFU","none","not_applicable","other_food",7,6,0,FALSE,"approximately log-linear","No clear biphasic transition; slope CV 123%, range 0.180 log10/min"
"infectivity","curve_19","10.1016/j.fm.2010.05.018","10.1016/j.fm.2010.05.018","HAV","raspberry","produce",70,"PFU","none","not_applicable","other_food",7,6,0,FALSE,"approximately log-linear","No clear biphasic transition; slope CV 94%, range 1.630 log10/min"
"infectivity","curve_17","10.1016/j.fm.2010.05.018","10.1016/j.fm.2010.05.018","HAV","bilberry","produce",75,"PFU","none","not_applicable","other_food",6,5,0,FALSE,"approximately log-linear","No clear biphasic transition; slope CV 195%, range 1.640 log10/min"
"infectivity","curve_23","10.1016/j.fm.2010.05.018","10.1016/j.fm.2010.05.018","HAV","strawberry","produce",75,"PFU","none","not_applicable","other_food",7,6,0,FALSE,"approximately log-linear","No clear biphasic transition; slope CV 178%, range 1.210 log10/min"
"infectivity","curve_28","10.1111/jfs.12113","10.1111/jfs.12113","MNV-1","dried mussels","shellfish",60,"TCID50","none","not_applicable","shellfish",4,3,0,FALSE,"approximately log-linear","Slope CV 19%, range 0.028 log10/min; consistent rate across time points"
"infectivity","curve_32","10.1128/AEM.00428-14","10.1128/AEM.00428-14","HAV","mussel","shellfish",60,"PFU","none","not_applicable","shellfish",4,3,0,FALSE,"approximately log-linear","Slope CV 35%, range 0.095 log10/min; consistent rate across time points"
"infectivity","curve_33","10.1128/AEM.00428-14","10.1128/AEM.00428-14","HAV","mussel","shellfish",65,"PFU","none","not_applicable","shellfish",4,3,0,FALSE,"approximately log-linear","Slope CV 28%, range 0.120 log10/min; consistent rate across time points"
"infectivity","curve_37","10.1128/AEM.01784-07","10.1128/AEM.01784-07","FCV-F9","water","simple matrix",60,"PFU","none","not_applicable","simple_matrix",5,4,0,FALSE,"approximately log-linear","No clear biphasic transition; slope CV 58%, range 1.039 log10/min"
"infectivity","curve_38","10.1128/AEM.01784-07","10.1128/AEM.01784-07","FCV-F9","water","simple matrix",65,"PFU","none","not_applicable","simple_matrix",6,5,0,FALSE,"approximately log-linear","No clear biphasic transition; slope CV 107%, range 3.818 log10/min"
"infectivity","curve_39","10.1128/AEM.01784-07","10.1128/AEM.01784-07","FCV-F9","water","simple matrix",70,"PFU","none","not_applicable","simple_matrix",5,4,0,FALSE,"approximately log-linear","No clear biphasic transition; slope CV 93%, range 4.958 log10/min"
"infectivity","curve_40","10.1128/AEM.01784-07","10.1128/AEM.01784-07","FCV-F9","water","simple matrix",75,"PFU","none","not_applicable","simple_matrix",5,4,0,FALSE,"approximately log-linear","No clear biphasic transition; slope CV 105%, range 12.529 log10/min"
"infectivity","curve_41","https://doi.org/10.1007/s12560-020-09443-z","10.1007/s12560-020-09443-z","HAV","milk","dairy",70,"PFU","none","not_applicable","other_food",9,9,0,FALSE,"approximately log-linear","No clear biphasic transition; slope CV 43%, range 2.460 log10/min"
"infectivity","curve_43","https://doi.org/10.1007/s12560-020-09443-z","10.1007/s12560-020-09443-z","HAV","milk","dairy",75,"PFU","none","not_applicable","other_food",9,9,0,FALSE,"approximately log-linear","No clear biphasic transition; slope CV 52%, range 4.680 log10/min"
"infectivity","curve_45","https://doi.org/10.1007/s12560-020-09443-z","10.1007/s12560-020-09443-z","HAV","milk","dairy",80,"PFU","none","not_applicable","other_food",6,6,0,FALSE,"approximately log-linear","No clear biphasic transition; slope CV 46%, range 7.980 log10/min"
"infectivity","curve_67","https://doi.org/10.1016/j.foodcont.2011.10.004","10.1016/j.foodcont.2011.10.004","FCV-F9","mussel","shellfish",60,"TCID50","none","not_applicable","shellfish",5,4,0,FALSE,"approximately log-linear","No clear biphasic transition; slope CV 61%, range 0.233 log10/min"
"infectivity","curve_69","https://doi.org/10.1016/j.foodcont.2011.10.004","10.1016/j.foodcont.2011.10.004","FCV-F9","mussel","shellfish",80,"TCID50","none","not_applicable","shellfish",5,4,0,FALSE,"approximately log-linear","Slope CV 0%, range 0.000 log10/min; consistent rate across time points"
"infectivity","curve_82","https://doi.org/10.1016/j.foodcont.2018.08.031","10.1016/j.foodcont.2018.08.031","MNV-1","strawberry","produce",72,"PFU","none","not_applicable","other_food",6,5,0,FALSE,"approximately log-linear","No clear biphasic transition; slope CV 74%, range 14.867 log10/min"
"infectivity","curve_116","https://doi.org/10.1016/j.ijfoodmicro.2013.11.026","10.1016/j.ijfoodmicro.2013.11.026","MNV-1","mussel","shellfish",60,"PFU","none","not_applicable","shellfish",4,3,0,FALSE,"approximately log-linear","Slope CV 24%, range 0.120 log10/min; consistent rate across time points"
"infectivity","curve_134","https://doi.org/10.1046/j.1365-2672.1999.00935.x","10.1046/j.1365-2672.1999.00935.x","HAV","mussel","shellfish",80,"TCID50","none","not_applicable","shellfish",5,4,1,TRUE,"approximately log-linear","Slope CV 34%, range 0.142 log10/min; consistent rate across time points"
"infectivity","curve_144","https://doi.org/10.1093/jambio/lxae033","10.1093/jambio/lxae033","MS2","water","simple matrix",60,"PFU","none","not_applicable","simple_matrix",12,11,0,FALSE,"approximately log-linear","No clear biphasic transition; slope CV 119%, range 0.080 log10/min"
"infectivity","curve_146","https://doi.org/10.1111/ijfs.12674","10.1111/ijfs.12674","HAV","mussel","shellfish",60,"TCID50","none","not_applicable","shellfish",4,3,0,FALSE,"approximately log-linear","Slope CV 21%, range 0.021 log10/min; consistent rate across time points"
"infectivity","curve_160","https://doi.org/10.1111/j.1365-2672.2009.04179.x","10.1111/j.1365-2672.2009.04179.x","MNV-1","water","simple matrix",63,"PFU","none","not_applicable","simple_matrix",5,4,0,FALSE,"approximately log-linear","No clear biphasic transition; slope CV 181%, range 2.440 log10/min"
"infectivity","curve_164","https://doi.org/10.1111/jam.12534","10.1111/jam.12534","GA","mussel","shellfish",90,"PFU","none","not_applicable","shellfish",9,8,3,TRUE,"approximately log-linear","No clear biphasic transition; slope CV 142%, range 2.212 log10/min"
"infectivity","curve_169","https://doi.org/10.1111/jam.12892","10.1111/jam.12892","HAV","clam","shellfish",65,"PFU","none","not_applicable","shellfish",4,3,0,FALSE,"approximately log-linear","Slope CV 5%, range 0.030 log10/min; consistent rate across time points"
"infectivity","curve_170","https://doi.org/10.1111/jam.12892","10.1111/jam.12892","HAV","clam","shellfish",72,"PFU","none","not_applicable","shellfish",4,3,0,FALSE,"approximately log-linear","Slope CV 2%, range 0.010 log10/min; consistent rate across time points"
"infectivity","curve_171","https://doi.org/10.1128/AEM.00425-09","10.1128/AEM.00425-09","MS2","water","simple matrix",72,"PFU","none","not_applicable","simple_matrix",5,4,0,FALSE,"approximately log-linear","No clear biphasic transition; slope CV 53%, range 3.140 log10/min"
"infectivity","curve_184","https://doi.org/10.4315/0362-028X-63.4.522","10.4315/0362-028X-63.4.522","HAV","cream","dairy",65,"PFU","none","not_applicable","other_food",12,11,0,FALSE,"approximately log-linear","No clear biphasic transition; slope CV 56%, range 0.170 log10/min"
"infectivity","curve_191","https://doi.org/10.4315/0362-028X-63.4.522","10.4315/0362-028X-63.4.522","HAV","milk","dairy",65,"PFU","none","not_applicable","other_food",12,11,0,FALSE,"approximately log-linear","No clear biphasic transition; slope CV 66%, range 0.210 log10/min"
"infectivity","curve_198","https://doi.org/10.4315/0362-028X-63.4.522","10.4315/0362-028X-63.4.522","HAV","skim milk","dairy",65,"PFU","none","not_applicable","other_food",12,11,0,FALSE,"approximately log-linear","No clear biphasic transition; slope CV 96%, range 0.435 log10/min"
"infectivity","curve_185","https://doi.org/10.4315/0362-028X-63.4.522","10.4315/0362-028X-63.4.522","HAV","cream","dairy",67,"PFU","none","not_applicable","other_food",12,11,0,FALSE,"approximately log-linear","No clear biphasic transition; slope CV 61%, range 0.305 log10/min"
"infectivity","curve_194","https://doi.org/10.4315/0362-028X-63.4.522","10.4315/0362-028X-63.4.522","HAV","milk","dairy",71,"PFU","none","not_applicable","other_food",12,11,0,FALSE,"approximately log-linear","No clear biphasic transition; slope CV 132%, range 1.005 log10/min"
"infectivity","curve_201","https://doi.org/10.4315/0362-028X-63.4.522","10.4315/0362-028X-63.4.522","HAV","skim milk","dairy",71,"PFU","none","not_applicable","other_food",11,10,0,FALSE,"approximately log-linear","No clear biphasic transition; slope CV 80%, range 0.670 log10/min"
"infectivity","curve_188","https://doi.org/10.4315/0362-028X-63.4.522","10.4315/0362-028X-63.4.522","HAV","cream","dairy",73,"PFU","none","not_applicable","other_food",11,10,0,FALSE,"approximately log-linear","No clear biphasic transition; slope CV 71%, range 0.810 log10/min"
"infectivity","curve_195","https://doi.org/10.4315/0362-028X-63.4.522","10.4315/0362-028X-63.4.522","HAV","milk","dairy",73,"PFU","none","not_applicable","other_food",10,9,0,FALSE,"approximately log-linear","No clear biphasic transition; slope CV 123%, range 1.200 log10/min"
"infectivity","curve_202","https://doi.org/10.4315/0362-028X-63.4.522","10.4315/0362-028X-63.4.522","HAV","skim milk","dairy",73,"PFU","none","not_applicable","other_food",10,9,0,FALSE,"approximately log-linear","No clear biphasic transition; slope CV 77%, range 0.540 log10/min"
"infectivity","curve_189","https://doi.org/10.4315/0362-028X-63.4.522","10.4315/0362-028X-63.4.522","HAV","cream","dairy",75,"PFU","none","not_applicable","other_food",11,10,0,FALSE,"approximately log-linear","No clear biphasic transition; slope CV 65%, range 0.905 log10/min"
"infectivity","curve_196","https://doi.org/10.4315/0362-028X-63.4.522","10.4315/0362-028X-63.4.522","HAV","milk","dairy",75,"PFU","none","not_applicable","other_food",8,7,0,FALSE,"approximately log-linear","No clear biphasic transition; slope CV 50%, range 0.530 log10/min"
"infectivity","curve_203","https://doi.org/10.4315/0362-028X-63.4.522","10.4315/0362-028X-63.4.522","HAV","skim milk","dairy",75,"PFU","none","not_applicable","other_food",8,7,0,FALSE,"approximately log-linear","No clear biphasic transition; slope CV 83%, range 0.885 log10/min"
"infectivity","curve_190","https://doi.org/10.4315/0362-028X-63.4.522","10.4315/0362-028X-63.4.522","HAV","cream","dairy",80,"PFU","none","not_applicable","other_food",5,4,0,FALSE,"approximately log-linear","Slope CV 8%, range 0.160 log10/min; consistent rate across time points"
"infectivity","curve_223","sammi","sammi","TV","PBS","simple matrix",60,"PFU","none","not_applicable","simple_matrix",13,12,2,TRUE,"approximately log-linear","No clear biphasic transition; slope CV 119%, range 6.702 log10/min"
"infectivity","curve_229","sammi","sammi","TV","oyster","shellfish",60,"PFU","none","not_applicable","shellfish",8,7,0,FALSE,"approximately log-linear","No clear biphasic transition; slope CV 62%, range 0.432 log10/min"
"infectivity","curve_231","sammi","sammi","TV","oyster","shellfish",63,"PFU","none","not_applicable","shellfish",11,10,0,FALSE,"approximately log-linear","No clear biphasic transition; slope CV 203%, range 2.197 log10/min"
"infectivity","curve_11","10.1007/s12560-014-9176-y","10.1007/s12560-014-9176-y","MNV-1","Abalone meat","shellfish",85,"PFU","none","not_applicable","shellfish",4,3,2,TRUE,"insufficient information","Fewer than 2 non-censored non-zero time points"
"infectivity","curve_13","10.1007/s12560-014-9176-y","10.1007/s12560-014-9176-y","MNV-1","Abalone viscera","shellfish",85,"PFU","none","not_applicable","shellfish",3,2,0,FALSE,"insufficient information","Only 2 non-censored non-zero time points; cannot assess shape"
"infectivity","curve_63","https://doi.org/10.1016/j.foodcont.2011.10.004","10.1016/j.foodcont.2011.10.004","FCV-F9","PBS","simple matrix",60,"TCID50","none","not_applicable","simple_matrix",5,4,4,TRUE,"insufficient information","Fewer than 2 non-censored non-zero time points"
"infectivity","curve_65","https://doi.org/10.1016/j.foodcont.2011.10.004","10.1016/j.foodcont.2011.10.004","FCV-F9","PBS","simple matrix",80,"TCID50","none","not_applicable","simple_matrix",5,4,4,TRUE,"insufficient information","Fewer than 2 non-censored non-zero time points"
"infectivity","curve_88","https://doi.org/10.1016/j.foodcont.2018.08.031","10.1016/j.foodcont.2018.08.031","TV","strawberry","produce",63,"PFU","none","not_applicable","other_food",6,5,3,TRUE,"insufficient information","Only 2 non-censored non-zero time points; cannot assess shape"
"infectivity","curve_92","https://doi.org/10.1016/j.foodcont.2018.08.031","10.1016/j.foodcont.2018.08.031","TV","strawberry","produce",80,"PFU","none","not_applicable","other_food",5,4,2,TRUE,"insufficient information","Only 2 non-censored non-zero time points; cannot assess shape"
"infectivity","curve_112","https://doi.org/10.1016/j.ijfoodmicro.2013.11.026","10.1016/j.ijfoodmicro.2013.11.026","FCV-F9","mussel","shellfish",65,"PFU","none","not_applicable","shellfish",4,3,2,TRUE,"insufficient information","Fewer than 2 non-censored non-zero time points"
"infectivity","curve_113","https://doi.org/10.1016/j.ijfoodmicro.2013.11.026","10.1016/j.ijfoodmicro.2013.11.026","FCV-F9","mussel","shellfish",72,"PFU","none","not_applicable","shellfish",4,3,2,TRUE,"insufficient information","Fewer than 2 non-censored non-zero time points"
"infectivity","curve_118","https://doi.org/10.1016/j.ijfoodmicro.2013.11.026","10.1016/j.ijfoodmicro.2013.11.026","MNV-1","mussel","shellfish",72,"PFU","none","not_applicable","shellfish",4,3,2,TRUE,"insufficient information","Fewer than 2 non-censored non-zero time points"
"infectivity","curve_130","https://doi.org/10.1016/j.ijfoodmicro.2018.05.013","10.1016/j.ijfoodmicro.2018.05.013","TV","oyster homogenate","shellfish",63,"PFU","none","not_applicable","shellfish",5,4,3,TRUE,"insufficient information","Fewer than 2 non-censored non-zero time points"
"infectivity","curve_125","https://doi.org/10.1016/j.ijfoodmicro.2018.05.013","10.1016/j.ijfoodmicro.2018.05.013","MNV-1","oyster homogenate","shellfish",67,"PFU","none","not_applicable","shellfish",5,4,2,TRUE,"insufficient information","Only 2 non-censored non-zero time points; cannot assess shape"
"infectivity","curve_131","https://doi.org/10.1016/j.ijfoodmicro.2018.05.013","10.1016/j.ijfoodmicro.2018.05.013","TV","oyster homogenate","shellfish",67,"PFU","none","not_applicable","shellfish",4,4,4,TRUE,"insufficient information","Fewer than 2 non-censored non-zero time points"
"infectivity","curve_126","https://doi.org/10.1016/j.ijfoodmicro.2018.05.013","10.1016/j.ijfoodmicro.2018.05.013","MNV-1","oyster homogenate","shellfish",100,"PFU","none","not_applicable","shellfish",4,3,1,TRUE,"insufficient information","Only 2 non-censored non-zero time points; cannot assess shape"
"infectivity","curve_132","https://doi.org/10.1016/j.ijfoodmicro.2018.05.013","10.1016/j.ijfoodmicro.2018.05.013","TV","oyster homogenate","shellfish",100,"PFU","none","not_applicable","shellfish",4,3,2,TRUE,"insufficient information","Fewer than 2 non-censored non-zero time points"
"infectivity","curve_133","https://doi.org/10.1046/j.1365-2672.1999.00935.x","10.1046/j.1365-2672.1999.00935.x","HAV","mussel","shellfish",60,"TCID50","none","not_applicable","shellfish",3,2,1,TRUE,"insufficient information","Fewer than 2 non-censored non-zero time points"
"infectivity","curve_137","https://doi.org/10.1089/fpd.2010.0681","10.1089/fpd.2010.0681","HAV","clam","shellfish",90,"PFU","none","not_applicable","shellfish",3,3,1,TRUE,"insufficient information","Only 2 non-censored non-zero time points; cannot assess shape"
"infectivity","curve_141","https://doi.org/10.1089/fpd.2010.0681","10.1089/fpd.2010.0681","MNV-1","clam","shellfish",90,"PFU","none","not_applicable","shellfish",3,3,2,TRUE,"insufficient information","Fewer than 2 non-censored non-zero time points"
"infectivity","curve_152","https://doi.org/10.1111/j.1365-2672.2009.04179.x","10.1111/j.1365-2672.2009.04179.x","HAV","water","simple matrix",63,"PFU","none","not_applicable","simple_matrix",5,4,2,TRUE,"insufficient information","Only 2 non-censored non-zero time points; cannot assess shape"
"infectivity","curve_156","https://doi.org/10.1111/j.1365-2672.2009.04179.x","10.1111/j.1365-2672.2009.04179.x","MNV-1","milk","dairy",63,"PFU","none","not_applicable","other_food",5,4,2,TRUE,"insufficient information","Only 2 non-censored non-zero time points; cannot assess shape"
"infectivity","curve_150","https://doi.org/10.1111/j.1365-2672.2009.04179.x","10.1111/j.1365-2672.2009.04179.x","HAV","milk","dairy",72,"PFU","none","not_applicable","other_food",5,4,3,TRUE,"insufficient information","Fewer than 2 non-censored non-zero time points"
"infectivity","curve_154","https://doi.org/10.1111/j.1365-2672.2009.04179.x","10.1111/j.1365-2672.2009.04179.x","HAV","water","simple matrix",72,"PFU","none","not_applicable","simple_matrix",5,4,4,TRUE,"insufficient information","Fewer than 2 non-censored non-zero time points"
"infectivity","curve_158","https://doi.org/10.1111/j.1365-2672.2009.04179.x","10.1111/j.1365-2672.2009.04179.x","MNV-1","milk","dairy",72,"PFU","none","not_applicable","other_food",5,4,4,TRUE,"insufficient information","Fewer than 2 non-censored non-zero time points"
"infectivity","curve_162","https://doi.org/10.1111/j.1365-2672.2009.04179.x","10.1111/j.1365-2672.2009.04179.x","MNV-1","water","simple matrix",72,"PFU","none","not_applicable","simple_matrix",5,4,4,TRUE,"insufficient information","Fewer than 2 non-censored non-zero time points"
"infectivity","curve_197","https://doi.org/10.4315/0362-028X-63.4.522","10.4315/0362-028X-63.4.522","HAV","milk","dairy",80,"PFU","none","not_applicable","other_food",3,2,0,FALSE,"insufficient information","Only 2 non-censored non-zero time points; cannot assess shape"
"infectivity","curve_204","https://doi.org/10.4315/0362-028X-63.4.522","10.4315/0362-028X-63.4.522","HAV","skim milk","dairy",80,"PFU","none","not_applicable","other_food",3,2,0,FALSE,"insufficient information","Only 2 non-censored non-zero time points; cannot assess shape"
"infectivity","curve_208","https://doi.org/10.4315/0362-028X.JFP-13-289","10.4315/0362-028X.JFP-13-289","FCV-F9","spinach","produce",65,"PFU","none","not_applicable","other_food",4,3,1,TRUE,"insufficient information","Only 2 non-censored non-zero time points; cannot assess shape"
"infectivity","curve_213","https://doi.org/10.4315/0362-028X.JFP-13-289","10.4315/0362-028X.JFP-13-289","MNV-1","spinach","produce",65,"PFU","none","not_applicable","other_food",4,3,1,TRUE,"insufficient information","Only 2 non-censored non-zero time points; cannot assess shape"
"infectivity","curve_209","https://doi.org/10.4315/0362-028X.JFP-13-289","10.4315/0362-028X.JFP-13-289","FCV-F9","spinach","produce",72,"PFU","none","not_applicable","other_food",4,3,2,TRUE,"insufficient information","Fewer than 2 non-censored non-zero time points"
"infectivity","curve_214","https://doi.org/10.4315/0362-028X.JFP-13-289","10.4315/0362-028X.JFP-13-289","MNV-1","spinach","produce",72,"PFU","none","not_applicable","other_food",4,3,2,TRUE,"insufficient information","Fewer than 2 non-censored non-zero time points"
"infectivity","curve_16","10.1016/j.fm.2010.05.018","10.1016/j.fm.2010.05.018","HAV","bilberry","produce",70,"PFU","none","not_applicable","other_food",7,6,0,FALSE,"potentially biphasic","Early mean slope 1.197 log10/min, late 0.135 log10/min (8.9x ratio); 2 late-phase segments"
"infectivity","curve_22","10.1016/j.fm.2010.05.018","10.1016/j.fm.2010.05.018","HAV","strawberry","produce",70,"PFU","none","not_applicable","other_food",7,6,0,FALSE,"potentially biphasic","Early mean slope 0.793 log10/min, late 0.190 log10/min (4.2x ratio); 2 late-phase segments"
"infectivity","curve_145","https://doi.org/10.1093/jambio/lxae033","10.1093/jambio/lxae033","MS2","water","simple matrix",70,"PFU","none","not_applicable","simple_matrix",10,9,0,FALSE,"potentially biphasic","Early mean slope 0.731 log10/min, late 0.048 log10/min (15.2x ratio); 3 late-phase segments"
"infectivity","curve_192","https://doi.org/10.4315/0362-028X-63.4.522","10.4315/0362-028X-63.4.522","HAV","milk","dairy",67,"PFU","none","not_applicable","other_food",12,11,0,FALSE,"potentially biphasic","Early mean slope 0.477 log10/min, late 0.101 log10/min (4.7x ratio); 4 late-phase segments"
"infectivity","curve_199","https://doi.org/10.4315/0362-028X-63.4.522","10.4315/0362-028X-63.4.522","HAV","skim milk","dairy",67,"PFU","none","not_applicable","other_food",12,11,0,FALSE,"potentially biphasic","Early mean slope 0.538 log10/min, late 0.102 log10/min (5.2x ratio); 4 late-phase segments"
"infectivity","curve_186","https://doi.org/10.4315/0362-028X-63.4.522","10.4315/0362-028X-63.4.522","HAV","cream","dairy",69,"PFU","none","not_applicable","other_food",12,11,0,FALSE,"potentially biphasic","Early mean slope 0.471 log10/min, late 0.129 log10/min (3.7x ratio); 4 late-phase segments"
"infectivity","curve_193","https://doi.org/10.4315/0362-028X-63.4.522","10.4315/0362-028X-63.4.522","HAV","milk","dairy",69,"PFU","none","not_applicable","other_food",12,11,0,FALSE,"potentially biphasic","Early mean slope 0.560 log10/min, late 0.074 log10/min (7.6x ratio); 4 late-phase segments"
"infectivity","curve_200","https://doi.org/10.4315/0362-028X-63.4.522","10.4315/0362-028X-63.4.522","HAV","skim milk","dairy",69,"PFU","none","not_applicable","other_food",12,11,0,FALSE,"potentially biphasic","Early mean slope 0.556 log10/min, late 0.143 log10/min (3.9x ratio); 4 late-phase segments"
"infectivity","curve_187","https://doi.org/10.4315/0362-028X-63.4.522","10.4315/0362-028X-63.4.522","HAV","cream","dairy",71,"PFU","none","not_applicable","other_food",12,11,0,FALSE,"potentially biphasic","Early mean slope 0.450 log10/min, late 0.134 log10/min (3.4x ratio); 4 late-phase segments"
"infectivity","curve_1","10.1007/s12560-010-9052-3","10.1007/s12560-010-9052-3","HAV","mussel","shellfish",100,"PFU","none","not_applicable","shellfish",6,5,1,TRUE,"smooth shoulder/tailing","Slopes decreasing (tailing), no abrupt transition; slope range 1.000 log10/min; consistent with Weibull n!=1"
"infectivity","curve_8","10.1007/s12560-013-9112-6","10.1007/s12560-013-9112-6","MS2","3% fat milk","dairy",60,"PFU","none","not_applicable","other_food",5,4,0,FALSE,"smooth shoulder/tailing","Slopes decreasing (tailing), no abrupt transition; slope range 0.017 log10/min; consistent with Weibull n!=1"
"infectivity","curve_10","10.1007/s12560-014-9176-y","10.1007/s12560-014-9176-y","MNV-1","Abalone meat","shellfish",70,"PFU","none","not_applicable","shellfish",5,4,0,FALSE,"smooth shoulder/tailing","Slopes decreasing (tailing), no abrupt transition; slope range 0.407 log10/min; consistent with Weibull n!=1"
"infectivity","curve_12","10.1007/s12560-014-9176-y","10.1007/s12560-014-9176-y","MNV-1","Abalone viscera","shellfish",70,"PFU","none","not_applicable","shellfish",5,4,0,FALSE,"smooth shoulder/tailing","Slopes decreasing (tailing), no abrupt transition; slope range 0.223 log10/min; consistent with Weibull n!=1"
"infectivity","curve_14","10.1007/s12560-016-9248-2","10.1007/s12560-016-9248-2","MS2","PBS","simple matrix",60,"PFU","none","not_applicable","simple_matrix",4,3,0,FALSE,"smooth shoulder/tailing","Slopes decreasing (tailing), no abrupt transition; slope range 0.027 log10/min; consistent with Weibull n!=1"
"infectivity","curve_20","10.1016/j.fm.2010.05.018","10.1016/j.fm.2010.05.018","HAV","raspberry","produce",75,"PFU","none","not_applicable","other_food",6,5,0,FALSE,"smooth shoulder/tailing","Slopes decreasing (tailing), no abrupt transition; slope range 2.630 log10/min; consistent with Weibull n!=1"
"infectivity","curve_29","10.1111/jfs.12113","10.1111/jfs.12113","MNV-1","dried mussels","shellfish",85,"TCID50","none","not_applicable","shellfish",4,3,0,FALSE,"smooth shoulder/tailing","Slopes decreasing (tailing), no abrupt transition; slope range 0.291 log10/min; consistent with Weibull n!=1"
"infectivity","curve_34","10.1128/AEM.00428-14","10.1128/AEM.00428-14","HAV","mussel","shellfish",72,"PFU","none","not_applicable","shellfish",4,3,0,FALSE,"smooth shoulder/tailing","Slopes increasing (shoulder), no abrupt transition; slope range 1.048 log10/min; consistent with Weibull n!=1"
"infectivity","curve_47","https://doi.org/10.1007/s12560-020-09443-z","10.1007/s12560-020-09443-z","HAV","milk","dairy",85,"PFU","none","not_applicable","other_food",5,5,0,FALSE,"smooth shoulder/tailing","Slopes decreasing (tailing), no abrupt transition; slope range 8.940 log10/min; consistent with Weibull n!=1"
"infectivity","curve_49","https://doi.org/10.1007/s12560-020-09443-z","10.1007/s12560-020-09443-z","HAV","milk","dairy",90,"PFU","none","not_applicable","other_food",4,4,0,FALSE,"smooth shoulder/tailing","Slopes decreasing (tailing), no abrupt transition; slope range 9.240 log10/min; consistent with Weibull n!=1"
"infectivity","curve_51","https://doi.org/10.1007/s12560-020-09443-z","10.1007/s12560-020-09443-z","HAV","milk","dairy",95,"PFU","none","not_applicable","other_food",3,3,0,FALSE,"smooth shoulder/tailing","Slopes decreasing (tailing), no abrupt transition; slope range 15.900 log10/min; consistent with Weibull n!=1"
"infectivity","curve_81","https://doi.org/10.1016/j.foodcont.2018.08.031","10.1016/j.foodcont.2018.08.031","MNV-1","strawberry","produce",63,"PFU","none","not_applicable","other_food",6,5,1,TRUE,"smooth shoulder/tailing","Slopes decreasing (tailing), no abrupt transition; slope range 1.717 log10/min; consistent with Weibull n!=1"
"infectivity","curve_90","https://doi.org/10.1016/j.foodcont.2018.08.031","10.1016/j.foodcont.2018.08.031","TV","strawberry","produce",72,"PFU","none","not_applicable","other_food",6,5,1,TRUE,"smooth shoulder/tailing","Slopes decreasing (tailing), no abrupt transition; slope range 4.135 log10/min; consistent with Weibull n!=1"
"infectivity","curve_83","https://doi.org/10.1016/j.foodcont.2018.08.031","10.1016/j.foodcont.2018.08.031","MNV-1","strawberry","produce",80,"PFU","none","not_applicable","other_food",5,4,1,TRUE,"smooth shoulder/tailing","Slopes decreasing (tailing), no abrupt transition; slope range 52.551 log10/min; consistent with Weibull n!=1"
"infectivity","curve_105","https://doi.org/10.1016/j.foodres.2026.118748","10.1016/j.foodres.2026.118748","MNV-1","seaweed","produce",75,"TCID50","none","not_applicable","other_food",5,4,0,FALSE,"smooth shoulder/tailing","Slopes decreasing (tailing), no abrupt transition; slope range 7.423 log10/min; consistent with Weibull n!=1"
"infectivity","curve_108","https://doi.org/10.1016/j.foodres.2026.118748","10.1016/j.foodres.2026.118748","MNV-1","seaweed","produce",85,"TCID50","none","not_applicable","other_food",4,3,0,FALSE,"smooth shoulder/tailing","Slopes decreasing (tailing), no abrupt transition; slope range 6.040 log10/min; consistent with Weibull n!=1"
"infectivity","curve_111","https://doi.org/10.1016/j.ijfoodmicro.2013.11.026","10.1016/j.ijfoodmicro.2013.11.026","FCV-F9","mussel","shellfish",60,"PFU","none","not_applicable","shellfish",4,3,0,FALSE,"smooth shoulder/tailing","Slopes decreasing (tailing), no abrupt transition; slope range 0.390 log10/min; consistent with Weibull n!=1"
"infectivity","curve_117","https://doi.org/10.1016/j.ijfoodmicro.2013.11.026","10.1016/j.ijfoodmicro.2013.11.026","MNV-1","mussel","shellfish",65,"PFU","none","not_applicable","shellfish",4,3,0,FALSE,"smooth shoulder/tailing","Slopes increasing (shoulder), no abrupt transition; slope range 3.280 log10/min; consistent with Weibull n!=1"
"infectivity","curve_124","https://doi.org/10.1016/j.ijfoodmicro.2018.05.013","10.1016/j.ijfoodmicro.2018.05.013","MNV-1","oyster homogenate","shellfish",63,"PFU","none","not_applicable","shellfish",5,4,0,FALSE,"smooth shoulder/tailing","Slopes decreasing (tailing), no abrupt transition; slope range 0.340 log10/min; consistent with Weibull n!=1"
"infectivity","curve_147","https://doi.org/10.1111/ijfs.12674","10.1111/ijfs.12674","HAV","mussel","shellfish",85,"TCID50","none","not_applicable","shellfish",4,3,0,FALSE,"smooth shoulder/tailing","Slopes decreasing (tailing), no abrupt transition; slope range 0.177 log10/min; consistent with Weibull n!=1"
"infectivity","curve_148","https://doi.org/10.1111/j.1365-2672.2009.04179.x","10.1111/j.1365-2672.2009.04179.x","HAV","milk","dairy",63,"PFU","none","not_applicable","other_food",5,4,1,TRUE,"smooth shoulder/tailing","Slopes decreasing (tailing), no abrupt transition; slope range 0.743 log10/min; consistent with Weibull n!=1"
"infectivity","curve_168","https://doi.org/10.1111/jam.12892","10.1111/jam.12892","HAV","clam","shellfish",60,"PFU","none","not_applicable","shellfish",4,3,0,FALSE,"smooth shoulder/tailing","Slopes decreasing (tailing), no abrupt transition; slope range 0.130 log10/min; consistent with Weibull n!=1"
"infectivity","curve_207","https://doi.org/10.4315/0362-028X.JFP-13-289","10.4315/0362-028X.JFP-13-289","FCV-F9","spinach","produce",60,"PFU","none","not_applicable","other_food",4,3,0,FALSE,"smooth shoulder/tailing","Slopes increasing (shoulder), no abrupt transition; slope range 0.920 log10/min; consistent with Weibull n!=1"
"infectivity","curve_212","https://doi.org/10.4315/0362-028X.JFP-13-289","10.4315/0362-028X.JFP-13-289","MNV-1","spinach","produce",60,"PFU","none","not_applicable","other_food",4,3,0,FALSE,"smooth shoulder/tailing","Slopes decreasing (tailing), no abrupt transition; slope range 0.840 log10/min; consistent with Weibull n!=1"
"PCR","curve_27","10.1016/j.fm.2014.01.009","10.1016/j.fm.2014.01.009","HuNoV GII","PBS","simple matrix",90,"RT-qPCR","none","no","simple_matrix",6,5,0,FALSE,"approximately log-linear","No clear biphasic transition; slope CV 405%, range 0.075 log10/min"
"PCR","curve_62","https://doi.org/10.1016/j.foodcont.2011.10.004","10.1016/j.foodcont.2011.10.004","FCV-F9","PBS","simple matrix",60,"RT-qPCR","none","no","simple_matrix",5,4,0,FALSE,"approximately log-linear","No clear biphasic transition; slope CV 345%, range 0.083 log10/min"
"PCR","curve_70","https://doi.org/10.1016/j.foodcont.2011.10.004","10.1016/j.foodcont.2011.10.004","HuNoV GII","PBS","simple matrix",60,"RT-qPCR","none","no","simple_matrix",5,4,0,FALSE,"approximately log-linear","No clear biphasic transition; slope CV 163%, range 0.125 log10/min"
"PCR","curve_72","https://doi.org/10.1016/j.foodcont.2011.10.004","10.1016/j.foodcont.2011.10.004","HuNoV GII","mussel","shellfish",60,"RT-qPCR","none","no","shellfish",5,4,0,FALSE,"approximately log-linear","No clear biphasic transition; slope CV 271%, range 0.195 log10/min"
"PCR","curve_64","https://doi.org/10.1016/j.foodcont.2011.10.004","10.1016/j.foodcont.2011.10.004","FCV-F9","PBS","simple matrix",80,"RT-qPCR","none","no","simple_matrix",5,4,0,FALSE,"approximately log-linear","No clear biphasic transition; slope CV 645%, range 0.090 log10/min"
"PCR","curve_68","https://doi.org/10.1016/j.foodcont.2011.10.004","10.1016/j.foodcont.2011.10.004","FCV-F9","mussel","shellfish",80,"RT-qPCR","none","no","shellfish",5,4,0,FALSE,"approximately log-linear","No clear biphasic transition; slope CV 163%, range 0.125 log10/min"
"PCR","curve_76","https://doi.org/10.1016/j.foodcont.2018.08.031","10.1016/j.foodcont.2018.08.031","HuNoV GII","strawberry","produce",63,"RT-qPCR","RNase","yes","other_food",6,5,0,FALSE,"approximately log-linear","No clear biphasic transition; slope CV 122%, range 0.401 log10/min"
"PCR","curve_89","https://doi.org/10.1016/j.foodcont.2018.08.031","10.1016/j.foodcont.2018.08.031","TV","strawberry","produce",63,"RT-qPCR","RNase","yes","other_food",6,5,0,FALSE,"approximately log-linear","No clear biphasic transition; slope CV 66%, range 0.470 log10/min"
"PCR","curve_77","https://doi.org/10.1016/j.foodcont.2018.08.031","10.1016/j.foodcont.2018.08.031","HuNoV GII","strawberry","produce",72,"RT-qPCR","RNase","yes","other_food",6,5,0,FALSE,"approximately log-linear","No clear biphasic transition; slope CV 95%, range 2.535 log10/min"
"PCR","curve_91","https://doi.org/10.1016/j.foodcont.2018.08.031","10.1016/j.foodcont.2018.08.031","TV","strawberry","produce",72,"RT-qPCR","RNase","yes","other_food",6,5,0,FALSE,"approximately log-linear","No clear biphasic transition; slope CV 54%, range 8.993 log10/min"
"PCR","curve_93","https://doi.org/10.1016/j.foodcont.2018.08.031","10.1016/j.foodcont.2018.08.031","TV","strawberry","produce",80,"RT-qPCR","RNase","yes","other_food",5,4,0,FALSE,"approximately log-linear","No clear biphasic transition; slope CV 44%, range 49.565 log10/min"
"PCR","curve_98","https://doi.org/10.1016/j.foodcont.2019.106954","10.1016/j.foodcont.2019.106954","HuNoV GII","mussel","shellfish",90,"RT-qPCR","PMA","yes","shellfish",4,3,0,FALSE,"approximately log-linear","Slope CV 34%, range 0.017 log10/min; consistent rate across time points"
"PCR","curve_106","https://doi.org/10.1016/j.foodres.2026.118748","10.1016/j.foodres.2026.118748","MNV-1","seaweed","produce",85,"RT-qPCR","PMA","yes","other_food",7,6,0,FALSE,"approximately log-linear","No clear biphasic transition; slope CV 71%, range 1.350 log10/min"
"PCR","curve_107","https://doi.org/10.1016/j.foodres.2026.118748","10.1016/j.foodres.2026.118748","MNV-1","seaweed","produce",85,"RT-qPCR","none","no","other_food",7,6,1,TRUE,"approximately log-linear","No clear biphasic transition; slope CV 213%, range 0.560 log10/min"
"PCR","curve_120","https://doi.org/10.1016/j.ijfoodmicro.2013.11.027","10.1016/j.ijfoodmicro.2013.11.027","HuNoV GII","PBS","simple matrix",72,"RT-qPCR","PGM","yes","simple_matrix",6,5,0,FALSE,"approximately log-linear","No clear biphasic transition; slope CV 67%, range 0.570 log10/min"
"PCR","curve_153","https://doi.org/10.1111/j.1365-2672.2009.04179.x","10.1111/j.1365-2672.2009.04179.x","HAV","water","simple matrix",63,"RT-qPCR","none","no","simple_matrix",5,4,0,FALSE,"approximately log-linear","No clear biphasic transition; slope CV 186%, range 0.113 log10/min"
"PCR","curve_157","https://doi.org/10.1111/j.1365-2672.2009.04179.x","10.1111/j.1365-2672.2009.04179.x","MNV-1","milk","dairy",63,"RT-qPCR","none","no","other_food",5,4,0,FALSE,"approximately log-linear","No clear biphasic transition; slope CV 199%, range 0.177 log10/min"
"PCR","curve_161","https://doi.org/10.1111/j.1365-2672.2009.04179.x","10.1111/j.1365-2672.2009.04179.x","MNV-1","water","simple matrix",63,"RT-qPCR","none","no","simple_matrix",5,4,0,FALSE,"approximately log-linear","No clear biphasic transition; slope CV 45%, range 0.113 log10/min"
"PCR","curve_151","https://doi.org/10.1111/j.1365-2672.2009.04179.x","10.1111/j.1365-2672.2009.04179.x","HAV","milk","dairy",72,"RT-qPCR","none","no","other_food",5,4,0,FALSE,"approximately log-linear","Slope CV 14%, range 0.007 log10/min; consistent rate across time points"
"PCR","curve_155","https://doi.org/10.1111/j.1365-2672.2009.04179.x","10.1111/j.1365-2672.2009.04179.x","HAV","water","simple matrix",72,"RT-qPCR","none","no","simple_matrix",5,4,0,FALSE,"approximately log-linear","No clear biphasic transition; slope CV 55%, range 0.077 log10/min"
"PCR","curve_165","https://doi.org/10.1111/jam.12534","10.1111/jam.12534","GA","mussel","shellfish",90,"RT-qPCR","none","no","shellfish",9,8,0,FALSE,"approximately log-linear","No clear biphasic transition; slope CV 249%, range 2.084 log10/min"
"PCR","curve_172","https://doi.org/10.1128/AEM.00425-09","10.1128/AEM.00425-09","MS2","water","simple matrix",72,"RT-qPCR","RNase","yes","simple_matrix",5,4,0,FALSE,"approximately log-linear","No clear biphasic transition; slope CV 90%, range 2.190 log10/min"
"PCR","curve_173","https://doi.org/10.1128/AEM.00425-09","10.1128/AEM.00425-09","MS2","water","simple matrix",72,"RT-qPCR","none","no","simple_matrix",5,4,1,TRUE,"approximately log-linear","Slope CV 0%, range 0.100 log10/min; consistent rate across time points"
"PCR","curve_174","https://doi.org/10.1128/AEM.03573-15","10.1128/AEM.03573-15","HuNoV GII","oyster","shellfish",62,"RT-qPCR","PGM","yes","shellfish",7,6,0,FALSE,"approximately log-linear","No clear biphasic transition; slope CV 160%, range 0.108 log10/min"
"PCR","curve_177","https://doi.org/10.1128/AEM.03573-15","10.1128/AEM.03573-15","TV","oyster","shellfish",62,"RT-qPCR","PGM","yes","shellfish",6,5,0,FALSE,"approximately log-linear","No clear biphasic transition; slope CV 174%, range 0.133 log10/min"
"PCR","curve_175","https://doi.org/10.1128/AEM.03573-15","10.1128/AEM.03573-15","HuNoV GII","oyster","shellfish",72,"RT-qPCR","PGM","yes","shellfish",6,5,0,FALSE,"approximately log-linear","No clear biphasic transition; slope CV 107%, range 0.217 log10/min"
"PCR","curve_178","https://doi.org/10.1128/AEM.03573-15","10.1128/AEM.03573-15","TV","oyster","shellfish",72,"RT-qPCR","PGM","yes","shellfish",6,5,0,FALSE,"approximately log-linear","No clear biphasic transition; slope CV 226%, range 0.428 log10/min"
"PCR","curve_176","https://doi.org/10.1128/AEM.03573-15","10.1128/AEM.03573-15","HuNoV GII","oyster","shellfish",80,"RT-qPCR","PGM","yes","shellfish",6,5,0,FALSE,"approximately log-linear","No clear biphasic transition; slope CV 204%, range 20.700 log10/min"
"PCR","curve_179","https://doi.org/10.1128/AEM.03573-15","10.1128/AEM.03573-15","TV","oyster","shellfish",80,"RT-qPCR","PGM","yes","shellfish",8,7,0,FALSE,"approximately log-linear","No clear biphasic transition; slope CV 222%, range 15.464 log10/min"
"PCR","curve_182","https://doi.org/10.3390/v16010110","10.3390/v16010110","HuNoV GII","oyster homogenate","shellfish",100,"RT-qPCR","PMA","yes","shellfish",5,4,0,FALSE,"approximately log-linear","No clear biphasic transition; slope CV 54%, range 0.060 log10/min"
"PCR","curve_183","https://doi.org/10.3390/v16010110","10.3390/v16010110","HuNoV GII","oyster homogenate","shellfish",100,"RT-qPCR","none","no","shellfish",5,4,0,FALSE,"approximately log-linear","No clear biphasic transition; slope CV 107%, range 0.066 log10/min"
"PCR","curve_217","sammi","sammi","HuNoV GII","oyster","shellfish",60,"RT-qPCR","RNase","yes","shellfish",8,7,0,FALSE,"approximately log-linear","No clear biphasic transition; slope CV 579%, range 1.564 log10/min"
"PCR","curve_224","sammi","sammi","TV","PBS","simple matrix",60,"RT-qPCR","RNase","yes","simple_matrix",13,12,0,FALSE,"approximately log-linear","No clear biphasic transition; slope CV 209%, range 1.084 log10/min"
"PCR","curve_230","sammi","sammi","TV","oyster","shellfish",60,"RT-qPCR","RNase","yes","shellfish",8,7,0,FALSE,"approximately log-linear","No clear biphasic transition; slope CV 295%, range 1.167 log10/min"
"PCR","curve_218","sammi","sammi","HuNoV GII","oyster","shellfish",63,"RT-qPCR","RNase","yes","shellfish",11,10,0,FALSE,"approximately log-linear","No clear biphasic transition; slope CV 2208%, range 2.397 log10/min"
"PCR","curve_232","sammi","sammi","TV","oyster","shellfish",63,"RT-qPCR","RNase","yes","shellfish",11,10,0,FALSE,"approximately log-linear","No clear biphasic transition; slope CV 140%, range 0.876 log10/min"
"PCR","curve_94","https://doi.org/10.1016/j.foodcont.2019.106954","10.1016/j.foodcont.2019.106954","HuNoV GII","mussel","shellfish",70,"RT-qPCR","PMA","yes","shellfish",3,2,0,FALSE,"insufficient information","Only 2 non-censored non-zero time points; cannot assess shape"
"PCR","curve_95","https://doi.org/10.1016/j.foodcont.2019.106954","10.1016/j.foodcont.2019.106954","HuNoV GII","mussel","shellfish",70,"RT-qPCR","none","no","shellfish",3,2,0,FALSE,"insufficient information","Only 2 non-censored non-zero time points; cannot assess shape"
"PCR","curve_96","https://doi.org/10.1016/j.foodcont.2019.106954","10.1016/j.foodcont.2019.106954","HuNoV GII","mussel","shellfish",80,"RT-qPCR","PMA","yes","shellfish",3,2,0,FALSE,"insufficient information","Only 2 non-censored non-zero time points; cannot assess shape"
"PCR","curve_97","https://doi.org/10.1016/j.foodcont.2019.106954","10.1016/j.foodcont.2019.106954","HuNoV GII","mussel","shellfish",80,"RT-qPCR","none","no","shellfish",3,2,0,FALSE,"insufficient information","Only 2 non-censored non-zero time points; cannot assess shape"
"PCR","curve_142","https://doi.org/10.1089/fpd.2010.0681","10.1089/fpd.2010.0681","MNV-1","clam","shellfish",90,"RT-qPCR","none","no","shellfish",3,3,2,TRUE,"insufficient information","Fewer than 2 non-censored non-zero time points"
"PCR","curve_103","https://doi.org/10.1016/j.foodres.2026.118748","10.1016/j.foodres.2026.118748","MNV-1","seaweed","produce",75,"RT-qPCR","PMA","yes","other_food",7,6,0,FALSE,"potentially biphasic","Early mean slope 0.623 log10/min, late 0.120 log10/min (5.2x ratio); 2 late-phase segments"
"PCR","curve_26","10.1016/j.fm.2014.01.009","10.1016/j.fm.2014.01.009","HuNoV GII","PBS","simple matrix",90,"RT-qPCR","PMA","yes","simple_matrix",6,5,0,FALSE,"smooth shoulder/tailing","Slopes decreasing (tailing), no abrupt transition; slope range 0.070 log10/min; consistent with Weibull n!=1"
"PCR","curve_66","https://doi.org/10.1016/j.foodcont.2011.10.004","10.1016/j.foodcont.2011.10.004","FCV-F9","mussel","shellfish",60,"RT-qPCR","none","no","shellfish",5,4,0,FALSE,"smooth shoulder/tailing","Slopes increasing (shoulder), no abrupt transition; slope range 0.035 log10/min; consistent with Weibull n!=1"
"PCR","curve_71","https://doi.org/10.1016/j.foodcont.2011.10.004","10.1016/j.foodcont.2011.10.004","HuNoV GII","PBS","simple matrix",80,"RT-qPCR","none","no","simple_matrix",5,4,0,FALSE,"smooth shoulder/tailing","Slopes decreasing (tailing), no abrupt transition; slope range 0.753 log10/min; consistent with Weibull n!=1"
"PCR","curve_73","https://doi.org/10.1016/j.foodcont.2011.10.004","10.1016/j.foodcont.2011.10.004","HuNoV GII","mussel","shellfish",80,"RT-qPCR","none","no","shellfish",5,4,0,FALSE,"smooth shoulder/tailing","Slopes increasing (shoulder), no abrupt transition; slope range 0.025 log10/min; consistent with Weibull n!=1"
"PCR","curve_78","https://doi.org/10.1016/j.foodcont.2018.08.031","10.1016/j.foodcont.2018.08.031","HuNoV GII","strawberry","produce",80,"RT-qPCR","RNase","yes","other_food",5,4,0,FALSE,"smooth shoulder/tailing","Slopes decreasing (tailing), no abrupt transition; slope range 33.740 log10/min; consistent with Weibull n!=1"
"PCR","curve_99","https://doi.org/10.1016/j.foodcont.2019.106954","10.1016/j.foodcont.2019.106954","HuNoV GII","mussel","shellfish",90,"RT-qPCR","none","no","shellfish",4,3,0,FALSE,"smooth shoulder/tailing","Slopes decreasing (tailing), no abrupt transition; slope range 0.033 log10/min; consistent with Weibull n!=1"
"PCR","curve_104","https://doi.org/10.1016/j.foodres.2026.118748","10.1016/j.foodres.2026.118748","MNV-1","seaweed","produce",75,"RT-qPCR","none","no","other_food",7,6,0,FALSE,"smooth shoulder/tailing","Slopes decreasing (tailing), no abrupt transition; slope range 0.107 log10/min; consistent with Weibull n!=1"
"PCR","curve_119","https://doi.org/10.1016/j.ijfoodmicro.2013.11.027","10.1016/j.ijfoodmicro.2013.11.027","HuNoV GII","PBS","simple matrix",63,"RT-qPCR","PGM","yes","simple_matrix",6,5,0,FALSE,"smooth shoulder/tailing","Slopes decreasing (tailing), no abrupt transition; slope range 0.028 log10/min; consistent with Weibull n!=1"
"PCR","curve_138","https://doi.org/10.1089/fpd.2010.0681","10.1089/fpd.2010.0681","HAV","clam","shellfish",90,"RT-qPCR","none","no","shellfish",3,3,0,FALSE,"smooth shoulder/tailing","Slopes decreasing (tailing), no abrupt transition; slope range 1.310 log10/min; consistent with Weibull n!=1"
"PCR","curve_149","https://doi.org/10.1111/j.1365-2672.2009.04179.x","10.1111/j.1365-2672.2009.04179.x","HAV","milk","dairy",63,"RT-qPCR","none","no","other_food",5,4,0,FALSE,"smooth shoulder/tailing","Slopes decreasing (tailing), no abrupt transition; slope range 0.060 log10/min; consistent with Weibull n!=1"
"PCR","curve_159","https://doi.org/10.1111/j.1365-2672.2009.04179.x","10.1111/j.1365-2672.2009.04179.x","MNV-1","milk","dairy",72,"RT-qPCR","none","no","other_food",5,4,0,FALSE,"smooth shoulder/tailing","Slopes decreasing (tailing), no abrupt transition; slope range 0.302 log10/min; consistent with Weibull n!=1"
"PCR","curve_163","https://doi.org/10.1111/j.1365-2672.2009.04179.x","10.1111/j.1365-2672.2009.04179.x","MNV-1","water","simple matrix",72,"RT-qPCR","none","no","simple_matrix",5,4,0,FALSE,"smooth shoulder/tailing","Slopes decreasing (tailing), no abrupt transition; slope range 0.202 log10/min; consistent with Weibull n!=1"
"PCR","curve_180","https://doi.org/10.3390/v16010110","10.3390/v16010110","HuNoV GII","oyster homogenate","shellfish",85,"RT-qPCR","PMA","yes","shellfish",5,4,0,FALSE,"smooth shoulder/tailing","Slopes decreasing (tailing), no abrupt transition; slope range 0.028 log10/min; consistent with Weibull n!=1"
"PCR","curve_181","https://doi.org/10.3390/v16010110","10.3390/v16010110","HuNoV GII","oyster homogenate","shellfish",85,"RT-qPCR","none","no","shellfish",5,4,0,FALSE,"smooth shoulder/tailing","Slopes decreasing (tailing), no abrupt transition; slope range 0.028 log10/min; consistent with Weibull n!=1"
